command,mean,stddev,median,user,system,min,max
./mandel,4.86712968546,0.022816628752235283,4.864167076659999,4.850998799999999,0.01287876,4.81916750266,4.89358726966
