command,mean,stddev,median,user,system,min,max
./mandel,4.98657892534,0.05659115454001156,4.99226880634,4.96861614,0.01457698,4.90890093684,5.1065810228399995
