command,mean,stddev,median,user,system,min,max
./mandel,4.89143696298,0.02485900356198805,4.88815625558,4.87434446,0.014199979999999997,4.85606505358,4.94578318458
