command,mean,stddev,median,user,system,min,max
./mandel,4.942641765399999,0.10930391931724075,4.9282306562,4.92446406,0.014607819999999999,4.8292069046999995,5.1478591237
