command,mean,stddev,median,user,system,min,max
./mandel,5.464857648600001,1.2129443432358238,5.1248896906,5.44528946,0.014972519999999998,4.873943021600001,8.8984123586
