command,mean,stddev,median,user,system,min,max
./mandel,4.905632866899999,0.05971347822119401,4.897928177299999,4.88758434,0.014955480000000002,4.8293575663,5.0207274033
