command,mean,stddev,median,user,system,min,max
./mandel,4.97188244192,0.048082527305726465,4.972851778919999,4.9545324399999995,0.01388828,4.89444285242,5.055669959419999
