command,mean,stddev,median,user,system,min,max
./mandel,1.31604713842,0.0042565985601433305,1.31523553232,1.30115874,0.014013359999999997,1.31221462382,1.32622313982
