command,mean,stddev,median,user,system,min,max
./mandel,1.27458331012,0.025596772417534382,1.26738240142,1.2573857599999996,0.016095979999999996,1.2518549804199999,1.34293909542
