command,mean,stddev,median,user,system,min,max
./mandel,1.3648564329000001,0.00939569113617558,1.3629358909,1.35058312,0.013520019999999999,1.3516600389,1.3824504449000001
