command,mean,stddev,median,user,system,min,max
./mandel,1.37273664914,0.0315743784139028,1.36672898944,1.35776152,0.0137153,1.33630900394,1.43099783494
