command,mean,stddev,median,user,system,min,max
./mandel,3.05297979638,0.020041905475973915,3.05157546318,3.03984528,0.01115302,3.03066803668,3.08927280068
