command,mean,stddev,median,user,system,min,max
./mandel,1.40638351224,0.013367980074572952,1.40120636924,1.39137988,0.013156559999999998,1.39456525374,1.4404954457399999
