command,mean,stddev,median,user,system,min,max
./mandel,8.312188499439998,0.05385349173193357,8.31419085414,8.29320346,0.013124640000000002,8.22428667064,8.38375945164
